segid,term,pgno
1,"",3
1,010,26
1,0100,28
1,010002,30
1,0100353,32
1,0100688,34
1,010172,36
1,0103195,38
1,0103522,40
1,0103851,42
1,010500,44
1,0106177,46
1,0106497,48
1,0106812,50
1,0107151,52
1,0107471,54
1,01077800,56
1,0108035,58
1,01082985,60
1,01084645,62
1,01086295,64
1,01087955,66
1,01089600,68
1,01091065,70
1,0110,72
1,0110138,74
1,0110528,76
1,0110919,78
1,0111233,80
1,0111594,82
1,0111952,84
1,011227,86
1,0112626,88
1,011299,90
1,0113324,92
1,011372,94
1,0114063,96
1,01144200,98
1,01147800,100
1,01151,102
1,0115456,104
1,01160,106
1,011808,108
1,0120,110
1,012015,112
1,012240,114
1,012477,116
1,01270,118
1,012973,120
1,0130,122
1,01320,124
1,0134300,126
1,013666,128
1,01390,130
1,014004,132
1,014277,134
1,014490,136
1,01470,138
1,014920,140
1,0150,142
1,01510,144
1,015390,146
1,01560,148
1,015827,150
1,0160,152
1,016138,154
1,0161390,156
1,0163700,158
1,01670,160
1,016990,162
1,017090,164
1,017316,166
1,017570,168
1,017830,170
1,0180,172
1,018190,174
1,018470,176
1,01875,178
1,0190,180
1,019410,182
1,019920,185
1,020,208
1,0200,210
1,020170,212
1,0203900,214
1,02060,216
1,0208100,218
1,0210,220
1,021005,222
1,021227,224
1,021450,226
1,021671,228
1,021897,230
1,0220,232
1,022084,234
1,02230,236
1,022503,238
1,022724,240
1,022947,242
1,0230,244
1,02315,246
1,0233700,248
1,023587,250
1,02380,252
1,0240,256
1,024140,258
1,024367,260
1,024594,262
1,024800,264
1,0250,266
1,025070,268
1,025293,270
1,025506,272
1,025729,274
1,025952,276
1,0260,278
1,026130,280
1,026360,282
1,02659,284
1,026801,286
1,0270,288
1,027106,290
1,02758,292
1,0280,294
1,028490,296
1,0290,298
1,02940,301
1,030,320
1,0300,322
1,030125,324
1,03040,326
1,030694,328
1,030980,330
1,031026,332
1,031310,334
1,03160,336
1,0318900,338
1,0320,340
1,032246,342
1,032538,344
1,032820,346
1,0330,348
1,03320,350
1,03350,352
1,033799,354
1,0340,356
1,034176,358
1,034472,360
1,034766,362
1,0350,364
1,035145,366
1,035437,368
1,035733,370
1,0360,372
1,036109,374
1,0364100,376
1,036703,378
1,0370,380
1,037063,382
1,037360,384
1,037656,386
1,0380,388
1,038730,390
1,0390,392
1,039710,394
1,040,402
1,0400,404
1,040560,406
1,0410,408
1,041700,410
1,042050,412
1,042880,414
1,04310,416
1,04390,418
1,0440,420
1,04470,422
1,0450,424
1,045730,426
1,04611,428
1,046910,430
1,04740,432
1,0480,434
1,048260,436
1,0490,438
1,04960,440
1,050,446
1,0500,448
1,050440,450
1,0510,452
1,051540,454
1,0520,456
1,05262,458
1,05309,460
1,053900,462
1,054250,464
1,0550,466
1,055490,468
1,0560,470
1,05650,472
1,057000,474
1,057900,476
1,058550,478
1,0590,480
1,05970,482
1,060,488
1,0600,490
1,06070,492
1,06130,494
1,0620,496
1,062900,498
1,06350,500
1,0640,502
1,06484,504
1,0650,506
1,0660,508
1,06690,510
1,06749,512
1,068260,514
1,06910,516
1,070,522
1,07060,524
1,07150,526
1,07250,528
1,07358,530
1,075,532
1,0760,534
1,07760,536
1,0790,538
1,080,542
1,08080,544
1,08230,546
1,0848,548
1,0870,550
1,0897,552
1,090,554
1,0910,556
1,0930,558
1,09540,560
1,0980,563
1,0aa,602
1,0abala,604
1,0abbb,608
1,0abda,610
1,0abdullahb,618
1,0abdura,620
1,0abia,622
1,0ablet,624
1,0abov,632
1,0absenti,635
1,0abua,652
1,0abuses,654
1,0accommodati,656
1,0accuser,658
1,0ada,660
1,0addi,662
1,0addresse,664
1,0adhans,666
1,0adulte,668
1,0affirme,670
1,0aftern,676
1,0agains,678
1,0agais,680
1,0ah1,682
1,0ahsa,684
1,0aishah,688
1,0aishan,691
1,0al1,720
1,0alait,722
1,0alia,724
1,0alla,729
1,0allaha,776
1,0allahd,778
1,0allowa,780
1,0along,782
1,0alqamah,784
1,0alt,786
1,0ama,790
1,0ammar,792
1,0amongh,794
1,0amons,796
1,0amounte,798
1,0amra,801
1,0an3,820
1,0anasa,827
1,0anda,886
1,0anfu,888
1,0anim,890
1,0announced,892
1,0anothert,896
1,0ansarit,898
1,0anyb,902
1,0anyones,904
1,0anyw,906
1,0apostleb,908
1,0apprehende,910
1,0araf,912
1,0area,920
1,0argues,922
1,0arous,924
1,0arsalta,929
1,0asa,942
1,0asadi,944
1,0ashw,946
1,0aska,948
1,0aski,954
1,0asks,956
1,0ass,958
1,0aswaf,960
1,0ata,968
1,0ath,970
1,0attentiv,972
1,0authorityo,978
1,0aw,980
1,0awd,982
1,0ayay,984
1,0azid,987
1,0ba,998
1,0baa,1000
1,0backb,1002
1,0backe,1004
1,0bahir,1006
1,0bakra,1008
1,0banii,1010
1,0baqr,1012
1,0barn,1014
1,0bathan,1017
1,0bea,1032
1,0beard,1034
1,0becau,1036
1,0beck,1038
1,0becomes,1041
1,0beer,1050
1,0beforeh,1054
1,0begu,1056
1,0behinf,1058
1,0beings,1060
1,0believers,1062
1,0belonge,1064
1,0benefite,1066
1,0besto,1068
1,0betterm,1070
1,0betweez,1074
1,0bile,1077
1,0bina,1092
1,0binw,1094
1,0blacke,1096
1,0blew,1098
1,0blowi,1100
1,0bony,1103
1,0books,1172
1,0borne,1174
1,0boughty,1176
1,0box,1178
1,0breake,1180
1,0bringe,1182
1,0brotherh,1184
1,0brow,1186
1,0bucketf,1189
1,0bukhl,1206
1,0burdene,1209
1,0butc,1220
1,0button,1223
1,0byc,1234
1,0ca,1236
1,0calle,1238
1,0caller,1241
1,0camel,1250
1,0camelf,1252
1,0cana,1254
1,0cano,1256
1,0carrier,1258
1,0cases,1260
1,0caused,1262
1,0ceremony,1264
1,0chaine,1266
1,0chair,1268
1,0charm,1270
1,0chests,1272
1,0chin,1274
1,0circumambulated,1276
1,0cleane,1278
1,0closed,1280
1,0cloudl,1282
1,0colore,1284
1,0comel,1286
1,0comf,1288
1,0commander,1290
1,0committ,1292
1,0companionsh,1296
1,0complaints,1298
1,0comput,1300
1,0conclus,1302
1,0congregationa,1304
1,0consisten,1306
1,0continue,1308
1,0conveyer,1310
1,0couldn,1312
1,0couples,1314
1,0covetousl,1316
1,0crescents,1318
1,0cuppi,1320
1,0cuto,1322
1,0da,1326
1,0dajjali,1329
1,0das,1342
1,0datest,1344
1,0daugt,1346
1,0dayb,1352
1,0dayt,1354
1,0deaf,1356
1,0deathb,1358
1,0declares,1360
1,0deem,1362
1,0delayi,1364
1,0demonstratio,1367
1,0depres,1402
1,0descends,1404
1,0destini,1406
1,0dhari,1408
1,0dictatio,1410
1,0didn,1416
1,0dids,1418
1,0dies,1420
1,0diffusi,1422
1,0dirhan,1424
1,0disclosed,1426
1,0disobedient,1428
1,0distant,1430
1,0divinel,1433
1,0doc,1442
1,0doesn,1444
1,0doi,1446
1,0dona,1448
1,0donkeys,1450
1,0doug,1452
1,0downc,1454
1,0dreame,1456
1,0drinke,1458
1,0drowni,1460
1,0dunyay,1462
1,0durink,1464
1,0dyed,1466
1,0ea,1470
1,0eag,1472
1,0earnes,1474
1,0eased,1476
1,0eata,1478
1,0edged,1480
1,0ej,1482
1,0elsew,1484
1,0employee,1486
1,0enemy,1489
1,0engr,1538
1,0enjoins,1540
1,0enterd,1542
1,0enters,1544
1,0equati,1546
1,0eup,1548
1,0evenings,1550
1,0everyb,1552
1,0evild,1554
1,0exceeds,1556
1,0excepte,1558
1,0exchanges,1560
1,0expell,1562
1,0extrac,1564
1,0fa,1566
1,0faced,1568
1,0fadaki,1570
1,0faju,1572
1,0famin,1574
1,0fara,1576
1,0faste,1578
1,0fastl,1580
1,0fatherh,1584
1,0faultf,1586
1,0fec,1588
1,0fel,1590
1,0fev,1592
1,0fighte,1594
1,0findi,1596
1,0fingert,1598
1,0fiq,1600
1,0firme,1602
1,0firstb,1604
1,0fix,1606
1,0flouri,1608
1,0followet,1610
1,0foodg,1613
1,0forb,1634
1,0forbe,1636
1,0forbidd,1638
1,0foreheads,1640
1,0forgivene,1642
1,0fornicato,1644
1,0founda,1646
1,0fourt,1648
1,0freed,1650
1,0friendl,1653
1,0froma,1674
1,0fue,1676
1,0funerals,1678
1,0gai,1680
1,0garments,1682
1,0gatherings,1684
1,0gaz,1686
1,0gets,1688
1,0ghaibi,1690
1,0gifte,1692
1,0given,1696
1,0giver,1700
1,0glori,1702
1,0goa,1706
1,0gog,1708
1,0golde,1710
1,0goodl,1712
1,0gott,1716
1,0granti,1718
1,0gravest,1720
1,0greek,1722
1,0grounde,1724
1,0guardians,1726
1,0habibah,1729
1,0hada,1739
1,0hadiths,1804
1,0haire,1806
1,0hajja,1808
1,0halfb,1810
1,0hande,1814
1,0handso,1816
1,0hanifa,1818
1,0harami,1820
1,0harma,1823
1,0hasa,1834
1,0hasana,1836
1,0hastene,1839
1,0haven,1850
1,0hazi,1853
1,0hea,1894
1,0heada,1896
1,0hear,1898
1,0heardl,1904
1,0hearte,1906
1,0heavys,1908
1,0hellf,1910
1,0hera,1918
1,0hered,1920
1,0hijar,1923
1,0hima,1944
1,0himw,1947
1,0hisa,1970
1,0hishan,1972
1,0holde,1974
1,0honora,1976
1,0horsef,1978
1,0househ,1982
1,0howd,1984
1,0hudhaifah,1986
1,0humiliated,1988
1,0hunts,1990
1,0hurairah,1994
1,0huraire,1996
1,0hurriedl,1998
1,0huth,2001
1,0ia,2044
1,0iba,2047
1,0ibna,2056
1,0ida,2058
1,0ideal,2061
1,0ifa,2070
1,0ihran,2072
1,0ila,2074
1,0illnesse,2076
1,0implyi,2079
1,0ina,2148
1,0incline,2150
1,0indulgi,2152
1,0informi,2154
1,0inkp,2156
1,0inspirations,2158
1,0inteni,2160
1,0intereste,2162
1,0intox,2164
1,0invoked,2166
1,0ironi,2169
1,0isa,2192
1,0ishaa,2196
1,0islami,2199
1,0itb,2236
1,0itse,2240
1,0jabiy,2244
1,0jamratu,2246
1,0jewe,2248
1,0jir,2250
1,0journeye,2252
1,0juhaifah,2254
1,0justi,2256
1,0kab,2258
1,0kathira,2260
1,0ker,2262
1,0khaibat,2264
1,0khat,2266
1,0khudrl,2268
1,0kili,2270
1,0killer,2272
1,0kinda,2274
1,0knel,2276
1,0knowe,2278
1,0knowledgea,2280
1,0kullih,2282
1,0labah,2284
1,0lahud,2286
1,0lande,2288
1,0laste,2290
1,0lates,2292
1,0leade,2294
1,0leat,2296
1,0leavi,2298
1,0lefth,2300
1,0legali,2302
1,0leth,2306
1,0lied,2308
1,0lifel,2310
1,0liked,2316
1,0limm,2318
1,0lived,2320
1,0long,2322
1,0looke,2324
1,0loosel,2326
1,0lords,2328
1,0lovea,2330
1,0luh,2332
1,0mader,2336
1,0madini,2338
1,0maimunah,2340
1,0maker,2342
1,0makhram,2344
1,0maliki,2348
1,0mana,2356
1,0manumitter,2358
1,0marksm,2360
1,0marro,2362
1,0marya,2364
1,0masjids,2366
1,0matte,2368
1,0maya,2373
1,0mea,2384
1,0mean,2386
1,0meanti,2388
1,0meccan,2390
1,0medit,2392
1,0meetings,2394
1,0mend,2396
1,0mentione,2398
1,0mentioni,2400
1,0meri,2403
1,0messengerd,2440
1,0meta,2442
1,0mighti,2444
1,0milke,2446
1,0minda,2448
1,0miserly,2450
1,0moderatel,2452
1,0monthl,2454
1,0moreo,2458
1,0mosq,2460
1,0mosth,2462
1,0mothers,2464
1,0mounte,2466
1,0mr,2469
1,0msj,2504
1,0muawiyah,2506
1,0mudh,2508
1,0muhammada,2510
1,0muhammadu,2512
1,0munabd,2514
1,0musab,2517
1,0muslima,2536
1,0muslin,2538
1,0muzabanah,2543
1,0myi,2552
1,0nadrah,2554
1,0nakedl,2556
1,0nape,2559
1,0narratedo,2594
1,0narrations,2596
1,0narrators,2599
1,0nasai,2612
1,0nasal,2614
1,0nearb,2616
1,0neede,2618
1,0neitherm,2620
1,0nevert,2622
1,0ng,2624
1,0nightf,2626
1,0nightt,2628
1,0no0,2636
1,0nonb,2638
1,0nonen,2640
1,0norm,2643
1,0not6,2660
1,0noth,2662
1,0nowa,2664
1,0numbere,2667
1,0numberl,2702
1,0o0,2710
1,0oaths,2712
1,0oblige,2714
1,0observer,2716
1,0odds,2719
1,0ofa,2782
1,0offe,2784
1,0offere,2786
1,0offerings,2788
1,0omi,2791
1,0ona,2810
1,0one,2813
1,0onef,2826
1,0ons,2828
1,0opinions,2831
1,0ora,2840
1,0ordere,2842
1,0ordi,2844
1,0others,2848
1,0ours,2852
1,0outb,2858
1,0overa,2862
1,0owne,2864
1,0pain,2866
1,0paradises,2868
1,0pardone,2870
1,0participates,2872
1,0passe,2874
1,0pate,2876
1,0paya,2878
1,0pebblesa,2881
1,0peopleo,2890
1,0performa,2892
1,0performer,2894
1,0perfumi,2896
1,0permissio,2898
1,0persona,2902
1,0persp,2904
1,0pict,2906
1,0pillowa,2908
1,0placed,2910
1,0placen,2912
1,0pleased,2914
1,0pleasedw,2916
1,0pleasures,2918
1,0pointi,2920
1,0portions,2922
1,0pouri,2924
1,0praised,2926
1,0praye,2928
1,0prayer,2930
1,0prayers,2938
1,0prayes,2940
1,0prea,2942
1,0prepares,2944
1,0presentat,2946
1,0prey,2948
1,0proceede,2950
1,0prolonge,2952
1,0propert,2955
1,0propheth,2976
1,0prostrated,2978
1,0protecte,2980
1,0publici,2982
1,0punishments,2984
1,0putr,2986
1,0puz,2988
1,0qasam,2990
1,0qiblah,2992
1,0qubaf,2994
1,0quoti,2996
1,0quraishi,2998
1,0rabbanr,3000
1,0rahmann,3002
1,0raind,3004
1,0raisins,3006
1,0raka,3008
1,0raml,3010
1,0raze,3012
1,0reachi,3014
1,0rebuki,3016
1,0recited,3018
1,0reciter,3020
1,0recognized,3023
1,0referi,3084
1,0refugee,3086
1,0regardl,3088
1,0relax,3090
1,0religiousl,3092
1,0reme,3094
1,0renounced,3096
1,0replies,3101
1,0reporteda,3114
1,0reservi,3116
1,0reste,3118
1,0resurrections,3120
1,0returne,3122
1,0revealer,3126
1,0rewarda,3128
1,0riders,3130
1,0righte,3132
1,0rightfull,3134
1,0risk,3136
1,0rop,3138
1,0rudel,3140
1,0rus,3143
1,0sa,3164
1,0sab,3170
1,0sacrifices,3172
1,0safar,3175
1,0sahl,3244
1,0sahul,3247
1,0saida,3296
1,0salaha,3298
1,0salaman,3300
1,0sallim,3302
1,0samh,3306
1,0samurah,3308
1,0sata,3310
1,0saves,3312
1,0saving,3314
1,0sawa,3318
1,0saya,3324
1,0sayings,3330
1,0sayy,3333
1,0scho,3368
1,0scoo,3370
1,0seati,3372
1,0seed,3376
1,0seeke,3378
1,0seep,3380
1,0sellings,3382
1,0sente,3384
1,0senti,3386
1,0served,3388
1,0sett,3390
1,0severed,3392
1,0shaha,3394
1,0shalln,3396
1,0sharec,3398
1,0shea,3404
1,0sheepd,3406
1,0shifte,3408
1,0shorta,3410
1,0shoulde,3416
1,0showe,3418
1,0shua,3420
1,0sides,3422
1,0sih,3424
1,0similari,3426
1,0sincer,3428
1,0sio,3430
1,0situ,3432
1,0sixty,3434
1,0slaughtere,3436
1,0slaved,3438
1,0sleepe,3440
1,0slighte,3442
1,0smili,3445
1,0soa,3456
1,0softe,3458
1,0someb,3464
1,0someti,3466
1,0sometin,3468
1,0sonn,3470
1,0soun,3472
1,0speaks,3474
1,0spirits,3476
1,0spreade,3478
1,0standa,3480
1,0starti,3482
1,0stated,3484
1,0staye,3486
1,0stealt,3488
1,0stirri,3490
1,0stool,3492
1,0stopp,3494
1,0strays,3496
1,0struct,3498
1,0subhanak,3500
1,0sucha,3504
1,0sufyi,3506
1,0sulaimi,3509
1,0sund,3522
1,0sunnab,3524
1,0supporte,3526
1,0suret,3528
1,0sweari,3530
1,0sy,3532
1,0ta,3534
1,0takbirs,3536
1,0takea,3538
1,0taker,3540
1,0talbiyah,3542
1,0talki,3544
1,0tash,3546
1,0taww,3548
1,0telle,3550
1,0tena,3552
1,0testifyi,3554
1,0thana,3558
1,0thanksg,3561
1,0thata,3601
1,0thed,3690
1,0theirh,3697
1,0thems,3711
1,0thena,3727
1,0therea,3736
1,0thereupop,3738
1,0thesi,3743
1,0thh,3752
1,0thingq,3754
1,0think,3756
1,0thirds,3759
1,0thise,3774
1,0thou,3778
1,0thousands,3780
1,0threef,3782
1,0thro,3784
1,0througho,3786
1,0thumamah,3788
1,0tik,3790
1,0tille,3794
1,0times,3796
1,0timi,3799
1,0toa,3846
1,0tole,3850
1,0took,3852
1,0tool,3854
1,0tormente,3856
1,0towe,3858
1,0trad,3860
1,0transmitter,3862
1,0transp,3866
1,0treati,3868
1,0trib,3870
1,0troo,3872
1,0truthf,3874
1,0turne,3876
1,0turs,3878
1,0twob,3886
1,0ubaidal,3888
1,0udhi,3890
1,0uma,3892
1,0umara,3900
1,0umma,3902
1,0umrahs,3904
1,0underg,3906
1,0ungratefuln,3908
1,0unme,3910
1,0untill,3912
1,0untr,3914
1,0upa,3918
1,0upor,3924
1,0urine,3926
1,0usa,3932
1,0usair,3935
1,0use,3970
1,0usedt,3978
1,0uthmi,3980
1,0validi,3982
1,0veili,3984
1,0vermins,3986
1,0versi,3988
1,0vessels,3990
1,0virgins,3992
1,0voices,3995
1,0voll,4026
1,0waa,4028
1,0waila,4030
1,0walad,4032
1,0wante,4034
1,0waqidh,4037
1,0wasa,4068
1,0wasilah,4070
1,0waterc,4072
1,0watu,4075
1,0weak,4086
1,0weari,4089
1,0wed,4124
1,0weepingl,4126
1,0wellw,4128
1,0wep,4132
1,0weren,4140
1,0whate,4148
1,0whatp,4151
1,0whenc,4164
1,0whenv,4166
1,0wherea,4168
1,0wherev,4171
1,0whiche,4180
1,0whill,4184
1,0whiten,4187
1,0whoe,4200
1,0whoevew,4202
1,0wholeh,4204
1,0whome,4206
1,0whoso,4208
1,0wih,4213
1,0willc,4222
1,0wink,4224
1,0wishest,4227
1,0withd,4250
1,0withs,4252
1,0witnesses,4254
1,0wok,4256
1,0womana,4258
1,0womenf,4260
1,0worde,4262
1,0wore,4264
1,0worlda,4266
1,0worshipe,4269
1,0wouldn,4278
1,0wrapp,4280
1,0wrou,4282
1,0yahyg,4284
1,0yearl,4286
1,0yemene,4288
1,0yest,4291
1,0youa,4314
1,0younge,4316
1,0yours,4324
1,0yourselv,4326
1,0zain,4328
1,0zama,4330
1,0zuhaq,4333
1,"0ï·º0",4378
2,"",3
2,010,15
2,0100,30
2,01040,32
2,01092,34
2,0110,36
2,01100,38
2,01130,40
2,01181,42
2,0120,44
2,01230,46
2,01252,48
2,0125521,50
2,0125845,52
2,0126207,54
2,0126528,56
2,0126844,58
2,0127149,60
2,0127483,62
2,0127818,64
2,0128115,66
2,0128438,68
2,0128761,70
2,0129067,72
2,0129387,74
2,0130,76
2,013032,78
2,0130729,80
2,0131099,82
2,01315,84
2,0131886,86
2,0132255,88
2,0132647,90
2,0133021,92
2,0133417,94
2,0133805,96
2,013417,98
2,01359,100
2,0140,102
2,0140037,104
2,01442,106
2,0150,108
2,0150024,110
2,01550,112
2,0160,114
2,0160198,116
2,0160515,118
2,0160867,120
2,01660,122
2,0170,124
2,0170325,126
2,0170707,128
2,01741,130
2,0180,132
2,01849,134
2,0190,136
2,01945,139
2,020,148
2,0200,150
2,02038,152
2,0210,154
2,0212,156
2,02195,158
2,02217,160
2,02290,162
2,02309,164
2,02384,166
2,0240,168
2,02472,170
2,0250,176
2,02561,178
2,0260,180
2,02607,182
2,02685,184
2,02711,186
2,0279,188
2,02820,190
2,029,192
2,02929,194
2,030,203
2,0300,212
2,03018,214
2,0310,216
2,03136,218
2,0320,220
2,03270,222
2,0330,224
2,03371,226
2,0341,228
2,03496,230
2,03551,232
2,0360,234
2,03660,236
2,0370,238
2,0377,241
2,0380,252
2,0388,254
2,0392,256
2,040,264
2,0400,270
2,040234,272
2,040490,274
2,040753,276
2,0410,278
2,041080,280
2,04134,282
2,0416352,284
2,041884,286
2,0420,288
2,0427,290
2,0430,292
2,04380,294
2,04430,296
2,0452,298
2,0460,300
2,0470,302
2,04798,304
2,04882,306
2,04942,308
2,050,317
2,0500,328
2,0500192,330
2,0500525,332
2,0500843,334
2,0501164,336
2,050150,338
2,0501865,340
2,0502223,342
2,0502589,344
2,0502953,346
2,0503311,348
2,0503675,350
2,05040300,352
2,0504396,354
2,050739,356
2,051011,358
2,051348,360
2,051686,362
2,05250,364
2,0530243,366
2,0530642,368
2,0531035,370
2,0531422,372
2,0531755,374
2,0532082,376
2,0532415,378
2,0532748,380
2,0533076,382
2,0533409,384
2,0533742,386
2,0534067,388
2,0540,390
2,0570,392
2,060,396
2,061337,398
2,061665,400
2,061988,402
2,0630,404
2,063592,406
2,0640,408
2,064318,410
2,066149,412
2,066468,414
2,066787,416
2,067061,418
2,06740,420
2,067717,422
2,068087,424
2,06921,426
2,070,428
2,070313,430
2,070681,432
2,071026,434
2,071434,436
2,071814,438
2,072165,440
2,072586,442
2,073,444
2,073368,446
2,073775,448
2,074235,450
2,0767,452
2,080,454
2,08001,456
2,080327,458
2,08066,460
2,080973,462
2,081261,464
2,081585,466
2,081903,468
2,082196,470
2,082513,472
2,082834,474
2,083124,476
2,083448,478
2,083771,480
2,084058,482
2,0843781,484
2,084699,486
2,0850,488
2,0860,490
2,090,492
2,090016,494
2,090406,496
2,0908,498
2,091149,500
2,091537,502
2,091926,504
2,092273,506
2,092657,508
2,09300,510
2,093387,512
2,093776,514
2,094127,516
2,09451,518
2,09490,520
2,09525,523
2,0a1,562
2,0aa,564
2,0abbb,572
2,0abda,577
2,0abdullan,586
2,0abdura,589
2,0abid,604
2,0abli,606
2,0about,608
2,0abov,614
2,0abq,617
2,0abua,636
2,0abui,638
2,0abused,640
2,0acceptan,642
2,0accordingl,644
2,0achieved,646
2,0actions,648
2,0adan,650
2,0addressi,652
2,0adhans,654
2,0adn,656
2,0affan,658
2,0afraq,660
2,0afterg,664
2,0agains,666
2,0aged,668
2,0aha,671
2,0ahmadu,682
2,0ahsa,684
2,0ain,686
2,0aishas,688
2,0akbara,691
2,0ala,722
2,0alayhim,725
2,0albd,736
2,0alia,740
2,0alju,742
2,0alla,744
2,0allaahu,747
2,0allaha,796
2,0allim,798
2,0alms,802
2,0alongs,804
2,0alt,806
2,0aly,808
2,0ama,810
2,0amira,812
2,0amongn,816
2,0amounte,818
2,0amra,820
2,0ana,828
2,0anat,833
2,0ands,894
2,0angu,896
2,0animat,898
2,0anotherf,902
2,0answ,904
2,0anyb,908
2,0anyt,910
2,0anyw,914
2,0apply,916
2,0aqf,919
2,0arabs,930
2,0arad,933
2,0area,944
2,0arms,946
2,0arrives,949
2,0asa,964
2,0asha,966
2,0aska,968
2,0asker,974
2,0askingy,976
2,0asper,978
2,0associatio,981
2,0ata,998
2,0atha,1000
2,0attendee,1002
2,0authoriz,1004
2,0avoida,1006
2,0awaya,1008
2,0awiyy,1010
2,0ayas,1012
2,0aza,1015
2,0ba,1024
2,0backb,1026
2,0bada,1028
2,0bahd,1030
2,0bakra,1032
2,0bana,1034
2,0baqe,1036
2,0barsa,1038
2,0bathan,1041
2,0bea,1056
2,0beard,1058
2,0becau,1060
2,0becausew,1064
2,0becomes,1066
2,0bedu,1068
2,0beer,1072
2,0beforeh,1076
2,0bege,1078
2,0behav,1080
2,0behinds,1082
2,0believed,1084
2,0believes,1086
2,0belov,1088
2,0benefite,1090
2,0besti,1092
2,0betterm,1094
2,0beu,1098
2,0bikaa,1101
2,0bina,1120
2,0bio,1122
2,0blacke,1124
2,0blessedn,1126
2,0blew,1128
2,0bloodi,1130
2,0boned,1133
2,0books,1200
2,0bothe,1202
2,0bowe,1204
2,0bra,1208
2,0bray,1210
2,0bridg,1212
2,0broi,1214
2,0brou,1216
2,0brow,1218
2,0bukharia,1222
2,0burd,1225
2,0buta,1234
2,0buz,1237
2,0bya,1246
2,0calipha,1248
2,0caller,1250
2,0camei,1258
2,0camela,1260
2,0campaigns,1262
2,0cana,1264
2,0cared,1266
2,0cases,1268
2,0caused,1270
2,0centre,1272
2,0chaine,1274
2,0chambers,1276
2,0charm,1278
2,0childb,1280
2,0chooses,1282
2,0claima,1284
2,0clienta,1286
2,0clothe,1288
2,0cok,1290
2,0comes,1294
2,0comf,1296
2,0commander,1298
2,0commo,1300
2,0companionsh,1302
2,0compar,1304
2,0completel,1306
2,0concerns,1308
2,0conferri,1310
2,0conseq,1312
2,0container,1314
2,0contras,1316
2,0correcte,1318
2,0corrod,1320
2,0coun,1322
2,0coveri,1324
2,0creatures,1326
2,0cucumbers,1328
2,0curtaine,1330
2,0da,1333
2,0dab,1342
2,0dala,1345
2,0das,1370
2,0daughters,1373
2,0day,1388
2,0dayb,1394
2,0deade,1396
2,0deathb,1398
2,0decider,1400
2,0deeds,1402
2,0defect,1404
2,0delicat,1406
2,0dependents,1408
2,0designated,1410
2,0developi,1412
2,0dhub,1414
2,0didn,1422
2,0dies,1424
2,0different,1426
2,0dilig,1428
2,0dirhams,1430
2,0disbelievers,1432
2,0disliked,1434
2,0disputed,1436
2,0div,1438
2,0diyar,1441
2,0dob,1450
2,0doesn,1454
2,0dogs,1456
2,0dominions,1458
2,0donk,1460
2,0doum,1462
2,0downg,1464
2,0dreams,1466
2,0drinks,1468
2,0duas,1470
2,0dunu,1472
2,0durr,1474
2,0e,1476
2,0ea,1478
2,0earl,1480
2,0earthe,1482
2,0eata,1484
2,0eats,1486
2,0eedb,1488
2,0eefb,1490
2,0eids,1492
2,0eit,1494
2,0eithero,1496
2,0emancipates,1498
2,0encouragi,1500
2,0ener,1503
2,0engr,1548
2,0ent,1550
2,0enteri,1552
2,0entitlem,1554
2,0err,1556
2,0eveni,1558
2,0everl,1560
2,0everyb,1562
2,0evidenced,1564
2,0evild,1566
2,0examined,1568
2,0excepting,1574
2,0expecta,1576
2,0expressions,1578
2,0eyesi,1580
2,0faced,1582
2,0fahm,1584
2,0fak,1586
2,0famin,1588
2,0fard,1590
2,0faste,1592
2,0fata,1594
2,0fatherl,1598
2,0fatimah,1600
2,0feare,1602
2,0feeli,1604
2,0females,1606
2,0fifths,1608
2,0filli,1610
2,0fine,1612
2,0finishes,1614
2,0firma,1616
2,0firstb,1618
2,0fixedl,1620
2,0flu,1622
2,0followi,1624
2,0foodg,1627
2,0fora,1650
2,0forbidd,1652
2,0forelo,1654
2,0forgivene,1656
2,0forn,1658
2,0forwards,1660
2,0fourt,1662
2,0freed,1664
2,0frequents,1667
2,0froma,1702
2,0fromu,1704
2,0fulfilli,1706
2,0furqu,1708
2,0garments,1710
2,0gatherer,1712
2,0gaz,1714
2,0genuinen,1716
2,0ghairad,1718
2,0ghiff,1720
2,0girt,1722
2,0given,1724
2,0giver,1726
2,0givest,1728
2,0glorifies,1730
2,0goa,1734
2,0gog,1736
2,0golde,1738
2,0goodl,1742
2,0gouges,1744
2,0grandmotherd,1746
2,0gravel,1748
2,0greate,1750
2,0griefs,1752
2,0guaranteed,1754
2,0guide,1756
2,0guidel,1758
2,0hada,1766
2,0hadeeths,1769
2,0hadiths,1830
2,0hadiy,1832
2,0haird,1834
2,0hajja,1836
2,0halfw,1838
2,0hammas,1840
2,0hande,1842
2,0handf,1844
2,0handso,1846
2,0harami,1848
2,0harj,1850
2,0harveste,1853
2,0hasa,1863
2,0hasana,1872
2,0hashr,1875
2,0haven,1887
2,0hea,1936
2,0heada,1938
2,0heard,1940
2,0heare,1946
2,0hearte,1948
2,0heaves,1950
2,0hellf,1952
2,0hencef,1954
2,0hera,1958
2,0herbs,1960
2,0hib,1962
2,0hijrah,1965
2,0him0,1988
2,0himsi,1991
2,0hisb,2016
2,0hishe,2018
2,0holds,2020
2,0hoped,2022
2,0hou,2024
2,0housed,2026
2,0howd,2028
2,0hs,2030
2,0hulal,2032
2,0hundredf,2034
2,0hurairh,2040
2,0husan,2042
2,0hypocrit,2045
2,0ia,2073
2,0ibna,2106
2,0ida,2109
2,0ifa,2128
2,0ihrams,2130
2,0ilahah,2132
2,0illnesse,2134
2,0immorali,2137
2,0ina,2198
2,0inclined,2200
2,0indeee,2202
2,0indicati,2204
2,0informi,2206
2,0inju,2208
2,0insisten,2210
2,0intends,2212
2,0interests,2214
2,0intol,2216
2,0intu,2218
2,0investe,2220
2,0irb,2223
2,0isa,2260
2,0ishad,2262
2,0ishat,2264
2,0ismah,2266
2,0isnadm,2273
2,0ita,2316
2,0itemi,2318
2,0itse,2324
2,0jab,2326
2,0jabira,2328
2,0jahim,2331
2,0jamil,2340
2,0jariri,2342
2,0ji,2346
2,0joins,2348
2,0judged,2350
2,0jumpe,2352
2,0juste,2354
2,0kafi,2356
2,0keepe,2358
2,0khade,2360
2,0khalifas,2362
2,0khattabi,2364
2,0khuf,2366
2,0kida,2368
2,0killer,2370
2,0kindr,2372
2,0kni,2374
2,0knowe,2376
2,0knowledgea,2378
2,0knows,2380
2,0kutt,2382
2,0laborers,2384
2,0lamen,2386
2,0larger,2388
2,0lates,2390
2,0laythi,2392
2,0learne,2394
2,0leaves,2396
2,0lefto,2400
2,0less,2402
2,0leth,2404
2,0leu,2406
2,0lieu,2408
2,0lighairihil,2410
2,0liked,2414
2,0lillahi,2416
2,0listens,2418
2,0liy,2420
2,0longe,2422
2,0lookeda,2424
2,0lords,2426
2,0lot,2428
2,0low,2430
2,0lu,2432
2,0maa,2434
2,0madee,2436
2,0madinah,2438
2,0magni,2441
2,0majaz,2452
2,0maker,2454
2,0makf,2456
2,0makkan,2458
2,0malika,2467
2,0mana,2476
2,0manaz,2478
2,0manyu,2480
2,0marketp,2482
2,0marro,2484
2,0masa,2488
2,0matc,2490
2,0maul,2492
2,0maya,2498
2,0maym,2501
2,0mea,2514
2,0meaningl,2516
2,0meant,2518
2,0medicines,2520
2,0men,2522
2,0menstruated,2524
2,0mentioni,2528
2,0mere,2531
2,0messengero,2568
2,0midm,2570
2,0milke,2572
2,0minde,2574
2,0miqdan,2576
2,0miswar,2578
2,0moneys,2580
2,0mor,2582
2,0moreo,2584
2,0mornings,2586
2,0mosques,2588
2,0mostl,2590
2,0mothers,2592
2,0mounti,2594
2,0mua,2598
2,0mudda,2600
2,0muhammada,2604
2,0mujahidi,2606
2,0munkara,2608
2,0musab,2610
2,0musht,2612
2,0muslimi,2618
2,0muslin,2621
2,0musnads,2630
2,0musta,2632
2,0muzdb,2634
2,0mys,2640
2,"0mÑ",2642
2,0nafic,2644
2,0nakedn,2646
2,0namel,2649
2,0narrates,2686
2,0narrati,2688
2,0narrativ,2690
2,0narrators,2692
2,0nasi,2694
2,0nearb,2696
2,0neede,2698
2,0nep,2700
2,0nevert,2702
2,0nightb,2706
2,0nisab,2708
2,0noa,2716
2,0nonet,2718
2,0norm,2721
2,0nota,2742
2,0noti,2744
2,0nua,2746
2,0nuzulas,2748
2,0oa,2756
2,0obeys,2758
2,0observer,2761
2,0ofallah,2834
2,0offere,2836
2,0oft,2839
2,0ona,2857
2,0onei,2872
2,0onew,2874
2,0ons,2876
2,0opene,2879
2,0ora,2890
2,0orderi,2892
2,0others,2896
2,0ourp,2900
2,0outb,2904
2,0outs,2906
2,0overa,2908
2,0overwhelms,2910
2,0pain,2912
2,0parables,2914
2,0paral,2916
2,0parta,2918
2,0partu,2920
2,0passer,2922
2,0pathw,2924
2,0paym,2926
2,0peacef,2929
2,0peopled,2940
2,0performa,2942
2,0performs,2944
2,0perme,2946
2,0permitti,2948
2,0persona,2950
2,0physicall,2952
2,0pillows,2954
2,0placed,2956
2,0plated,2958
2,0pleasedw,2962
2,0poisono,2964
2,0positione,2966
2,0pouri,2968
2,0praised,2970
2,0praye,2972
2,0prayer,2974
2,0prayera,2982
2,0prays,2984
2,0prefera,2986
2,0presenta,2988
2,0preventer,2990
2,0priv,2992
2,0prohibiti,2994
2,0pronouncem,2996
2,0propet,2999
2,0propheth,3018
2,0prostrated,3020
2,0protecti,3022
2,0provoked,3024
2,0punishments,3026
2,0purpos,3028
2,0putr,3030
2,0qaisi,3032
2,0qatan,3034
2,0qirats,3036
2,0quie,3038
2,0qura,3040
2,0qutr,3042
2,0radd,3044
2,0rahmani,3046
2,0raine,3048
2,0raisest,3050
2,0raka,3052
2,0rana,3054
2,0rati,3056
2,0reaches,3058
2,0reare,3060
2,0recitations,3062
2,0reciter,3064
2,0reclu,3066
2,0redd,3069
2,0referent,3118
2,0refinem,3120
2,0refusi,3122
2,0rejecte,3124
2,0relater,3128
2,0relax,3130
2,0religions,3132
2,0remarka,3134
2,0removed,3136
2,0repenta,3138
2,0replies,3140
2,0reporte,3142
2,0reportedl,3146
2,0repot,3148
2,0respi,3150
2,0restricti,3152
2,0retr,3154
2,0returnedt,3156
2,0revealer,3158
2,0rewarda,3160
2,0rider,3162
2,0righte,3164
2,0righteousl,3166
2,0ripeni,3168
2,0riyadh,3170
2,0rocks,3172
2,0routed,3174
2,0rul,3176
2,0ruz,3178
2,0sa,3184
2,0saa,3188
2,0sabbaq,3190
2,0sacrificin,3192
2,0safarin,3194
2,0saheehs,3199
2,0sahir,3222
2,0sahla,3225
2,0saidi,3286
2,0salama,3288
2,0salamai,3290
2,0salee,3292
2,0salihu,3294
2,0salty,3296
2,0samh,3298
2,0samurr,3300
2,0sata,3302
2,0saw0,3306
2,0saya,3314
2,0sayings,3320
2,0sayy,3322
2,0scrip,3324
2,0secreta,3326
2,0seed,3328
2,0seeke,3330
2,0seep,3332
2,0selle,3334
2,0sente,3338
2,0serve,3340
2,0settlem,3342
2,0severall,3344
2,0shaded,3346
2,0shallo,3350
2,0sharee,3352
2,0shaytans,3354
2,0shea,3358
2,0sheepd,3360
2,0shik,3362
2,0shortn,3364
2,0shoulde,3370
2,0shr,3372
2,0shuma,3374
2,0sides,3376
2,0sij,3378
2,0similari,3382
2,0sincer,3384
2,0sinw,3386
2,0sittir,3388
2,0sixti,3390
2,0slaughtere,3392
2,0slaved,3394
2,0slavew,3396
2,0slink,3398
2,0snakeb,3401
2,0soa,3412
2,0soldi,3414
2,0someb,3420
2,0somethings,3424
2,0sone,3426
2,0sorel,3428
2,0sow,3430
2,0specifyi,3432
2,0spli,3434
2,0spreadi,3436
2,0standa,3438
2,0starti,3440
2,0stay,3442
2,0sternl,3444
2,0stomp,3446
2,0stoodu,3448
2,0stopper,3450
2,0strengthe,3452
2,0struct,3454
2,0submissiv,3456
2,0suck,3458
2,0sufficet,3460
2,0suhaym,3462
2,0summone,3465
2,0sunay,3488
2,0sunnahs,3490
2,0supplications,3492
2,0surata,3494
2,0sway,3496
2,0swore,3498
2,0tabaran,3500
2,0taken,3504
2,0takest,3506
2,0talhat,3508
2,0talks,3510
2,0tart,3512
2,0tawbah9,3514
2,0teh,3516
2,0tells,3518
2,0tenths,3520
2,0thab,3522
2,0thana,3526
2,0thanksg,3529
2,0thatc,3576
2,0thay,3579
2,0theanimal,3672
2,0theirs,3677
2,0theme,3691
2,0thenc,3708
2,0therea,3716
2,0therefr,3718
2,0thesi,3721
2,0thi,3732
2,0thingsw,3734
2,0thinki,3736
2,0thirdl,3739
2,0thise,3754
2,0thosew,3760
2,0threef,3764
2,0thrones,3766
2,0througho,3768
2,0ti,3770
2,0tilla,3772
2,0timeo,3774
2,0timi,3779
2,0tis,3789
2,0toa,3836
2,0toi,3838
2,0tole,3840
2,0tolerat,3842
2,0tool,3844
2,0topp,3846
2,0touches,3848
2,0traded,3850
2,0traditiona,3852
2,0transc,3854
2,0transmitter,3856
2,0treati,3858
2,0trib,3860
2,0truer,3862
2,0truthfull,3864
2,0turnet,3866
2,0twi,3868
2,0twof,3874
2,0typi,3876
2,0ubayda,3878
2,0udal,3880
2,0umamat,3882
2,0umara,3890
2,0umma,3892
2,0umr,3894
2,0unclea,3896
2,0understands,3898
2,0unlawfull,3900
2,0untill,3906
2,0upb,3912
2,0upp,3916
2,0upsets,3918
2,0urn,3920
2,0usa,3926
2,0usayfir,3928
2,0usef,3934
2,0uti,3936
2,0uyan,3938
2,0ven,3940
2,0versed,3942
2,0versions,3944
2,0vex,3946
2,0virtuousn,3948
2,0void,3951
2,0volu,3970
2,0waa,3972
2,0wadin,3974
2,0wajhik,3976
2,0walker,3978
2,0wanti,3980
2,0wara,3983
2,0wasa,4018
2,0washiq,4020
2,0watera,4022
2,0wavi,4025
2,0wea,4034
2,0wealthi,4036
2,0wears,4038
2,0wellb,4040
2,0wep,4044
2,0weren,4051
2,0whate,4060
2,0whats,4063
2,0whenc,4078
2,0wherea,4080
2,0whi,4082
2,0whiche,4090
2,0whils,4095
2,0whoe,4110
2,0whol,4114
2,0whome,4118
2,0wi,4120
2,0wih,4123
2,0wille,4136
2,0wipes,4138
2,0wishf,4141
2,0withd,4162
2,0withs,4164
2,0witnessi,4166
2,0womar,4170
2,0womenf,4172
2,0wordings,4174
2,0work,4176
2,0worlds,4178
2,0worshippi,4180
2,0wouldn,4188
2,0writ,4190
2,0wrou,4192
2,0yab,4194
2,0yai,4198
2,0yarhamuku,4200
2,0yazl,4202
2,0yel,4204
2,0yest,4207
2,0youa,4230
2,0yourh,4238
2,0yout,4240
2,0zaida,4242
2,0zalimi,4244
2,0ziyada,4246
2,0zuhrl,4248
2,"0Øª",4256
2,"0Ø¹",4262
2,"0Ø¹Ù†Ù‡Ø",4271
2,"0ï·ºa",4316
2,"0ï·ºs",4318
3,"",2
3,01150,4
3,01202,6
3,0168,8
3,0190012,10
3,0220511,12
3,0220818,14
3,0221152,16
3,0230719,18
3,0231118,20
3,0300,22
3,043,24
3,0579,26
3,080,28
3,0aa,32
3,0abub,34
3,0adam,36
3,0adv,38
3,0ala,42
3,0alaihi,44
3,0ali,46
3,0allahi,48
3,0alt,50
3,0ane,54
3,0anothers,56
3,0area,58
3,0asha,60
3,0ata,62
3,0bakra,64
3,0beck,66
3,0benef,68
3,0bookl,72
3,0break,74
3,0byz,76
3,0chapters,78
3,0comes,80
3,0cooki,82
3,0daj,84
3,0dev,86
3,0dispo,88
3,0drives,90
3,0ende,92
3,0engr,94
3,0exclam,96
3,0fau,98
3,0follows,100
3,0forgott,102
3,0fun,104
3,0goa,106
3,0gui,108
3,0hadiths,112
3,0hasa,114
3,0hazu,116
3,0hea,118
3,0here,120
3,0hish,122
3,0househ,124
3,0ib,126
3,0ibnu,128
3,0ifr,130
3,0importu,132
3,0ina,136
3,0isa,138
3,0isha,140
3,0ith,142
3,0judges,144
3,0kult,146
3,0lies,148
3,0low,150
3,0mana,152
3,0maza,154
3,0mentioni,156
3,0minde,158
3,0mug,160
3,0muhammadi,162
3,0mys,164
3,0ner,166
3,0nota,168
3,0occur,170
3,0off,172
3,0onc,174
3,0ont,176
3,0oute,178
3,0peoples,180
3,0plays,182
3,0preferri,184
3,0propheth,186
3,0quenchi,188
3,0rasulul,190
3,0referr,194
3,0repeat,196
3,0revelations,198
3,0sa,200
3,0sahl,202
3,0sain,204
3,0saliv,206
3,0sayf,208
3,0seed,210
3,0shamaa,212
3,0showere,214
3,0sleepi,216
3,0somet,218
3,0staye,220
3,0sunnahs,222
3,0tann,224
3,0thau,226
3,0thei,232
3,0ther,234
3,0thi,236
3,0thou,238
3,0tod,242
3,0tur,244
3,0unanimousl,246
3,0usef,248
3,0walle,250
3,0wasallama,252
3,0wep,254
3,0whene,256
3,0whoe,258
3,0withd,260
3,0worldl,262
3,0youn,264
3,0zama,266
4,"",2
4,0110,4
4,01380,6
4,0180356,8
4,020,10
4,02000,12
4,0200033,14
4,0200371,16
4,0201001,18
4,0201365,20
4,021008,22
4,0210486,24
4,021118,26
4,0213,28
4,0360,30
4,0511,32
4,080,34
4,0985,36
4,0aa,38
4,0abo,40
4,0abundantl,42
4,0aftern,44
4,0aiy,46
4,0ala,48
4,0allahu,52
4,0ana,54
4,0ang,58
4,0appo,60
4,0arabs,62
4,0asa,64
4,0ata,66
4,0awe,68
4,0bea,70
4,0beings,72
4,0birw,74
4,0bookl,78
4,0brid,80
4,0butc,82
4,0c,84
4,0chains,86
4,0comb,88
4,0comes,90
4,0contains,92
4,0dard,94
4,0delivers,96
4,0dise,98
4,0dug,100
4,0endo,102
4,0engr,104
4,0eveni,106
4,0fal,108
4,0firstl,110
4,0forbe,112
4,0fron,114
4,0glorio,116
4,0haa,118
4,0hadiths,122
4,0happene,124
4,0haven,126
4,0hea,128
4,0hid,130
4,0hish,132
4,0hurait,134
4,0ib,136
4,0ift,138
4,0ina,142
4,0invitations,144
4,0ish,146
4,0itc,148
4,0jad,150
4,0kills,152
4,0lett,154
4,0magn,156
4,0maras,158
4,0meanings,160
4,0messengers,162
4,0moo,164
4,0mush,166
4,0narrates,170
4,0nep,172
4,0note,174
4,0off,178
4,0onc,180
4,0opposi,182
4,0owns,184
4,0permissions,186
4,0praye,188
4,0producti,190
4,0pulp,192
4,0raa,194
4,0radiyallh,196
4,0recited,198
4,0referr,202
4,0reply,204
4,0reporter,206
4,0ruler,208
4,0sa,210
4,0sain,212
4,0salam,214
4,0sayy,216
4,0sevent,218
4,0shoulde,220
4,0sniffi,222
4,0spect,224
4,0suck,226
4,0sunnahs,228
4,0tabl,230
4,0thau,232
4,0thef,238
4,0therea,240
4,0thn,242
4,0tip,244
4,0tod,246
4,0treati,248
4,0umay,250
4,0upp,252
4,0vict,254
4,0wasallamh,256
4,0wes,258
4,0whiche,260
4,0whoso,262
4,0withd,264
4,0woun,266
4,0yourse,268
4,"0ï·º0",270
5,"",2
5,01267,4
5,014223,6
5,0152131,8
5,0160,10
5,02007,12
5,0205486,14
5,0210743,16
5,0211856,18
5,0301,20
5,0432,22
5,062,24
5,0872,26
5,0abd,28
5,0ada,30
5,0ahme,32
5,0ala,34
5,0allaha,36
5,0allahum,38
5,0ana,40
5,0ang,42
5,0anzalta,44
5,0ars,46
5,0ata,48
5,0bang,50
5,0believes,52
5,0blo,54
5,0books,56
5,0bulughu,58
5,0cane,60
5,0comb,62
5,0cuppi,64
5,0dependi,66
5,0done,68
5,0enj,70
5,0exis,72
5,0fills,74
5,0forgivi,76
5,0given,78
5,0hada,80
5,0hadithn,82
5,0hasten,84
5,0heavi,86
5,0hisa,88
5,0ib,90
5,0idhnik,92
5,0ina,94
5,0inno,96
5,0ishaq,98
5,0jewe,100
5,0ko,102
5,0lega,104
5,0mahm,106
5,0maws,108
5,0messengers,110
5,0mub,112
5,0muslima,114
5,0narratedt,116
5,0noo,118
5,0ofa,122
5,0oppressi,124
5,0peb,126
5,0preci,128
5,0qr,130
5,0rabbiy,132
5,0referr,136
5,0reports,138
5,0sab,140
5,0saj,142
5,0seei,144
5,0showe,146
5,0splitt,148
5,0sunnat,150
5,0tayt,152
5,0thei,156
5,0ther,158
5,0throu,160
5,0tod,162
5,0udk,164
5,0use,166
5,0wabn,168
5,0wen,170
5,0whoe,172
5,0womb,174
5,0youn,176
6,"",2
6,010,4
6,01063,6
6,01130,8
6,01140,10
6,01150,12
6,01194,14
6,0130,16
6,01370,18
6,0142158,20
6,0150,22
6,0154018,24
6,01699,26
6,0180119,28
6,01893,30
6,0190228,32
6,020,34
6,02000,40
6,020031,42
6,0200648,44
6,0201296,46
6,0205014,48
6,0205624,50
6,0210042,52
6,0210448,54
6,0210879,56
6,0211315,58
6,021174,60
6,0220052,62
6,0220383,64
6,02206986,66
6,0221002,68
6,0230,70
6,0230336,72
6,0230734,74
6,0231125,76
6,0251,78
6,030,80
6,0310,82
6,0351,84
6,0380,86
6,040,88
6,04165,90
6,04366,92
6,0460,94
6,05009,96
6,056369,98
6,0564099,100
6,0564521,102
6,0588023,104
6,0589083,106
6,0591172,108
6,0622,110
6,070,112
6,0787,114
6,0840,116
6,0928,119
6,0aa,128
6,0abbr,130
6,0abdun,132
6,0abr,134
6,0abub,138
6,0accepti,140
6,0ada,142
6,0adabu,144
6,0adhar,146
6,0afterl,148
6,0agreei,150
6,0ahme,153
6,0ala,166
6,0alarme,168
6,0alc,170
6,0alcoholi,172
6,0alla,174
6,0allaha,182
6,0alt,184
6,0amanat,186
6,0ana,191
6,0ane,204
6,0animals,206
6,0antic,208
6,0anyti,210
6,0arabs,214
6,0area,218
6,0asa,222
6,0asha,224
6,0aski,226
6,0associated,228
6,0ata,230
6,0attributio,232
6,0awd,234
6,0ba,236
6,0baha,238
6,0bask,240
6,0bea,244
6,0bees,246
6,0bega,248
6,0believes,250
6,0betti,252
6,0bina,254
6,0bleeds,257
6,0bookl,272
6,0boul,274
6,0brotherh,276
6,0bukhari4,278
6,0businessm,280
6,0butc,282
6,0byz,286
6,0camel,288
6,0cano,290
6,0chaine,292
6,0cheste,294
6,0cloake,296
6,0comb,300
6,0comforta,302
6,0compe,304
6,0consecu,306
6,0correctl,308
6,0crimes,310
6,0daa,312
6,0dau,314
6,0day,316
6,0deaths,318
6,0delivers,320
6,0devoti,322
6,0died,324
6,0disapproved,326
6,0divided,328
6,0doc,330
6,0doork,332
6,0du,334
6,0ea,336
6,0eb,338
6,0ende,340
6,0engr,348
6,0er,350
6,0everyt,352
6,0excused,354
6,0faa,356
6,0fange,358
6,0fati,360
6,0ff,362
6,0fires,364
6,0followe,366
6,0forb,370
6,0forbiddi,372
6,0four,374
6,0fron,378
6,0funerals,380
6,0generou,382
6,0given,384
6,0goa,386
11,"",2
11,010,4
11,0100,6
11,0110,8
11,01100,10
11,01130,18
11,01139,20
11,01272,22
11,01363,24
11,0150,26
11,016000,28
11,0161342,30
11,016223,32
11,0162568,34
11,0170,36
11,0171222,38
11,0171619,40
11,01773,42
11,01910,44
11,020,46
11,02010,48
11,02219,50
11,02420,52
11,0264,54
11,02883,56
11,030,58
11,03166,60
11,03439,62
11,040,66
11,0479,68
11,0540,70
11,0560357,72
11,0560782,74
11,0561191,76
11,0561609,78
11,0562015,80
11,0562428,82
11,056284,84
11,0563247,86
11,0571006,88
11,0573073,90
11,0574146,92
11,0574478,94
11,0574811,96
11,0575221,98
11,0577132,100
11,0579205,102
11,0582003,104
11,0583024,106
11,05850,108
11,0606,110
11,0704,112
11,080,114
11,090,116
11,0989,119
11,0aa,128
11,0abbr,130
11,0abdur,132
11,0abov,134
11,0abud,140
11,0accepter,142
11,0acte,144
11,0addressee,146
11,0affectio,148
11,0afterw,150
11,0ahmas,153
11,0ala,164
11,0alayk,166
11,0alla,168
11,0allahi,174
11,0almo,176
11,0alto,178
11,0amou,180
11,0ana,182
11,0anb,185
11,0andj,200
11,0anger,202
11,0ansari,204
11,0anyt,206
11,0appears,208
11,0area,212
11,0articles,214
11,0asa,222
11,0ask,224
11,0aski,226
11,0assure,228
11,0ata,230
11,0attributes,232
11,0awe,234
11,0ba,242
11,0backb,244
11,0barak,246
11,0bea,252
11,0beari,254
11,0bees,256
11,0beforeh,258
11,0beings,260
11,0belli,262
11,0besto,264
11,0bikal,266
11,0blesses,268
11,0bodil,271
11,0bookl,282
11,0bor,284
11,0bra,288
11,0briefl,290
11,0bukharl,294
11,0buries,296
11,0buta,298
11,0c,302
11,0calm,304
11,0canc,306
11,0caused,308
11,0charl,310
11,0cleansed,312
11,0comes,314
11,0commendat,316
11,0complains,318
11,0confronte,320
11,0continued,322
11,0counterb,324
11,0cupper,326
11,0dare,328
11,0day,332
11,0dayt,334
11,0decisiv,336
11,0defilem,338
11,0desirabl,340
11,0didn,342
11,0differe,344
11,0discredite,346
11,0divin,348
11,0doc,350
11,0dol,352
11,0down1,354
11,0dungh,356
11,0ea,358
11,0editions,360
11,0encourages,362
11,0enquiri,364
11,0errors,366
11,0everyb,368
11,0examples,370
11,0expell,372
11,0fabricati,374
11,0falsehoods,376
11,0fasts,378
11,0feedi,380
11,0finde,382
11,0fix,384
11,0foods,386
11,0forb,392
11,0forgiven,394
11,0foul,396
11,0friends,398
11,0fron,402
11,0fronti,404
11,0gatew,406
11,0ghann,408
11,0giver,410
11,0goa,412
11,0god2,420
11,0goo,422
11,0gracef,424
11,0greate,426
11,0guardians,428
11,0guide,430
11,0hada,433
11,0hadiths,446
11,0halfw,448
11,0happens,450
11,0hasa,452
11,0hasana,454
11,0havi,457
11,0hea,468
11,0heare,470
11,0heb,472
11,0hera,474
11,0highly,476
11,0hima,482
11,0himy,484
11,0hish,490
11,0honora,492
11,0howe,494
11,0hurairah,496
11,0husbands,499
11,0ia,508
11,0ibr,510
11,0ida,512
11,0ifr,514
11,0iht,516
11,0immer,519
11,0ina,536
11,0indef,538
11,0innah,540
11,0intercessors,542
11,0invoki,545
11,0isa,554
11,0isr,557
11,0itb,568
11,0jabiru,570
11,0jinni,572
11,0kad,574
11,0khaulah,576
11,0kni,578
11,0lab,580
11,0lates,582
11,0leaves,584
11,0lett,586
11,0liked,588
11,0lived,590
11,0lords,592
11,0ma,594
11,0majaz,596
11,0maker,598
11,0mana,600
11,0mann,602
11,0masa,604
11,0masak,612
11,0mayb,616
11,0mea,618
11,0meane,620
11,0meeti,622
11,0mercifull,625
11,0messengerh,634
11,0mines,636
11,0misk,644
11,0modu,646
11,0morr,648
11,0mostl,650
11,0mue,652
11,0mush,654
11,0muslims,658
11,0musn,660
11,0mys,662
11,0named,664
11,0natures,666
11,0nevert,668
11,0nint,670
11,0noa,672
11,0nota,678
11,0oa,680
11,0oblige,683
11,0off,696
11,0offe,698
11,0onc,702
11,0onen,708
11,0opposites,710
11,0ora,712
11,0others,714
11,0out,716
11,0overa,718
11,0paradises,720
11,0party,722
11,0peak,724
11,0peopled,726
11,0perfectl,728
11,0perme,730
11,0persona,732
11,0placed,734
11,0pleases,736
11,0pledged,738
11,0posts,740
11,0praye,742
11,0prayers,744
11,0pre,746
11,0pret,748
11,0prohibiti,750
11,0propheth,754
11,0prophetica,756
11,0puf,758
11,0puts,760
11,0quoted,762
11,0radg,764
11,0ramp,766
11,0reasona,768
11,0reciti,771
11,0referred,784
11,0rel,786
11,0remembers,788
11,0replies,790
11,0reportedl,796
11,0reso,798
11,0retri,800
11,0rh,802
11,0risi,804
11,0ro,806
11,0ruine,808
11,0s5,816
11,0sab,818
11,0safarin,821
11,0saif,830
11,0salim,832
11,0salute,834
11,0sawn,836
11,0sayi,838
11,0says,842
11,0schoo,844
11,0seeke,846
11,0senses,848
11,0sets,850
11,0sham,852
11,0shea,854
11,0shoulde,856
11,0shout,858
11,0sie,860
11,0sinceri,862
11,0skille,864
11,0smelli,866
11,0sob,868
11,0someb,870
11,0someti,872
11,0spares,874
11,0stal,876
11,0sticki,878
11,0strips,880
11,0suck,882
11,0sunnahs,884
11,0supporti,886
11,0ta,888
11,0talis,890
11,0telle,892
11,0thana,894
11,0thatc,903
11,0thef,924
11,0theirs,926
11,0themj,930
11,0ther,932
11,0therea,934
11,0thi,938
11,0thirsty,940
11,0tho,942
11,0thou,944
11,0thres,946
11,0thy,948
11,0times,950
11,0tirmidhl,952
11,0tiy,955
11,0tod,966
11,0tole,968
11,0touches,970
11,0tram,972
11,0transmitter,978
11,0treasures,980
11,0tryi,982
11,0twof,984
11,0ug,986
11,0umma,988
11,0unintentionall,990
11,0up2,992
11,0upp,994
11,0usa,996
11,0usef,998
11,0verm,1000
11,0virtues,1002
11,0wahad,1004
11,0wasa,1008
11,0watere,1010
11,0wea,1012
11,0wellb,1014
11,0wes,1016
11,0whate,1018
11,0whenc,1024
11,0whi,1026
11,0whiche,1028
11,0whils,1030
11,0whoe,1034
11,0whome,1036
11,0wille,1040
11,0wink,1042
11,0withd,1048
11,0witho,1050
11,0womb,1052
11,0work,1054
11,0woun,1056
11,0wrongd,1058
11,0yi,1060
11,0youn,1064
11,0yours,1066
11,0zamz,1068
12,"",2
12,0114,4
12,0116,6
12,0170,8
12,0200,10
12,0220128,12
12,022046,14
12,0230277,16
12,0284,18
12,03812,20
12,04109,22
12,04426,24
12,0563651,26
12,0564065,28
12,0564486,30
12,0588069,32
12,0590031,34
12,0592031,36
12,094,38
12,0ab,40
12,0abdur,42
12,0abud,44
12,0adah,46
12,0ala,52
12,0ali,54
12,0ama,56
12,0ang,60
12,0ansi,62
12,0area,64
12,0asa,66
12,0atl,68
12,0ba,70
12,0beas,72
12,0besto,74
12,0boot,78
12,0boys,80
12,0butt,82
12,0camel,84
12,0clearl,86
12,0confidants,88
12,0cuts,90
12,0dayb,92
12,0dies,94
12,0dog,96
12,0eas,98
12,0engr,100
12,0exo,102
12,0fem,104
12,0forb,106
12,0friends,108
12,0gets,110
12,0godf,112
12,0gor,114
12,0hadr,118
12,0hande,120
12,0havi,122
12,0he1,124
12,0heare,126
12,0hima,128
12,0hish,130
12,0hurm,132
12,0ia,134
12,0ig,136
12,0ina,142
12,0isa,144
12,0islami,146
12,0itc,148
12,0jin,150
12,0kiss,152
12,0lih,154
12,0main,156
12,0masa,158
12,0masl,160
12,0members,162
12,0messengers,164
12,0misl,166
12,0miss,168
12,0mug,170
12,0muslims,172
12,0new,174
12,0note,176
12,0off,180
12,0onc,182
12,0ord,184
12,0p9,186
12,0peris,188
12,0prays,190
12,0propheth,192
12,0qura,194
12,0referr,198
12,0remi,200
12,0reports,202
12,0riv,204
12,0sa,206
12,0sahihs,208
12,0sail,210
12,0sayi,212
12,0seei,214
12,0shed,216
12,0sisters,218
12,0somet,220
12,0ston,222
12,0ta,224
12,0thau,228
12,0thef,232
12,0thems,234
12,0thi,236
12,0threw,238
12,0tod,242
12,0town,244
12,0transmitter,246
12,0udd,248
12,0urgi,250
12,0wai,252
12,0wb,254
12,0whate,256
12,0wherev,258
12,0whoe,260
12,0wing,262
12,0won,264
12,0youn,266
12,0zuh,268
